Order_ID,Order_Date,Customer_Name,Segment,Category,Sub_Category,Sales
CA-2014-145317,3/18/2014,Sean Miller,Home Office,Technology,Machines,22638.48
CA-2016-118689,10/2/2016,Tamara Chand,Corporate,Technology,Copiers,17499.95
CA-2017-140151,3/23/2017,Raymond Buch,Consumer,Technology,Copiers,13999.96
CA-2017-127180,10/22/2017,Tom Ashbrook,Home Office,Technology,Copiers,11199.968
CA-2017-166709,11/17/2017,Hunter Lopez,Consumer,Technology,Copiers,10499.97
CA-2016-117121,12/17/2016,Adrian Barton,Consumer,Office Supplies,Binders,9892.74
CA-2014-116904,9/23/2014,Sanjit Chand,Consumer,Office Supplies,Binders,9449.95
US-2016-107440,4/16/2016,Bill Shonely,Corporate,Technology,Machines,9099.93
CA-2016-158841,2/2/2016,Sanjit Engle,Consumer,Technology,Machines,8749.95
CA-2016-143714,5/23/2016,Christopher Conant,Consumer,Technology,Copiers,8399.976
